generator,exact_dup_rate,nn_mean_distance,nn_median_distance,nn_frac_below_0.1,rare_memorisation_rate
copula,0.0,4.031891255199964,3.973321290023012,0.0,0.0
ctgan,0.0,3.052488285926576,2.923142538229297,0.0,0.0
tvae,0.0,2.350072176324831,2.2582971866523565,0.0,0.0
