generator,ks_mean,ks_max,wasserstein_mean,wasserstein_max,correlation_distance,discriminator_auroc
copula,0.111261233289728,0.6776097763048882,0.12272501946856258,0.4296916067091343,1.866320315782082,0.9999960144840516
ctgan,0.09015737346041733,0.6776097763048882,0.06503313918242183,0.18646970481367992,1.6603130576197376,0.9999939766871007
tvae,0.11276670969982609,0.6776097763048882,0.10379045674312279,0.5134417355548193,2.8946335519791364,0.9999998219085511
