{
  "generator": "tvae",
  "train_rows": 86905,
  "synth_rows": 86905,
  "elapsed_seconds": 1930.5,
  "target_col": "DECEASED",
  "synth_positive_rate": 0.16469708302169034,
  "real_positive_rate": 0.1945227547321788
}